{"initial_reset_timestamp": 1660285754.0768337, "timestamps": [1660285779.5911295], "episode_lengths": [688], "episode_rewards": [320.56857930149135], "episode_types": ["t"]}